model1,model2,model3,model4,model5,model6,model7
0.18818401660312106,0.3168105167854373,0.290508104024307,0.19749042313663398,0.2815534332713638,0.19047738205098252,0.20964942140188297
